id,name,old_category_l2,new_category_l2
28c95beb-54c5-4d2e-9c3e-ed30ad115a66,"Escova Dental 1 Un Jadepro 31B Infantil",saude-bucal,higiene-infantil
50e470e0-c031-4e41-b511-93b0a5ae5304,"Kit Escova Dental Macia + Fio Dental Mix de Frutas 20m + Gel Dental com Flúor Morango 50g Infantil Stitch Dentalclean",saude-bucal,higiene-infantil
5b3325c7-199c-4836-a2a3-30266b94c2ed,"Gel Dental Infantil com Flúor Bubble Fruit Minions Smiles Colgate Bisnaga 100g",saude-bucal,higiene-infantil
5fa1f237-5a84-4eab-951f-11b50abeb6f0,"Algodão Select Quadrado Baby - 100 Unidades",corpo-banho,higiene-infantil
a08b06d5-30f2-45cc-87f5-8ba85c9bb586,"Escova Dental Infantil Extra Suave e Macia 2-5 anos Cabeça Pequena Meu Malvado Favorito Colgate C/2 Unidades",saude-bucal,higiene-infantil
a193defd-b9d0-46c4-94d7-9c16ecd0f4c3,"Ativador de Cachos Infantil Cachinhos Kolene Frasco 300ml",cabelo,higiene-infantil
ac57abed-db9d-49b0-945e-34953e582435,"Gel Dental Infantil com Flúor Bubble Fruit Justice League Smiles Colgate Bisnaga 100g",saude-bucal,higiene-infantil
dd26be3b-771c-407d-bb51-464014b41364,"Batatas Fritas Voadoras For Kids",salgadinhos-snacks,outros
e0e2f4db-4339-46c9-b56a-749beb58da59,"Algodão Select Quadrado Baby - 50 Unidades",corpo-banho,higiene-infantil
e1aa6aeb-e3fb-4456-9534-5973f06a670e,"Creme Dental Infantil Colgate Tandy Morangostoso 50g",saude-bucal,higiene-infantil
e1f9a6e6-f68e-4f43-a602-dc3ecaddb552,"Escova Dental 2 Un Jadepro 312 Magic Infantil",saude-bucal,higiene-infantil